{
  "name": "moment",
  "license": "MIT",
  "main": "moment.js",
  "ignore": [
    "**/.*",
    "benchmarks",
    "bower_components",
    "meteor",
    "node_modules",
    "scripts",
    "tasks",
    "test",
    "component.json",
    "composer.json",
    "CONTRIBUTING.md",
    "ender.js",
    "Gruntfile.js",
    "Moment.js.nuspec",
    "package.js",
    "package.json",
    "ISSUE_TEMPLATE.md",
    "typing-tests",
    "min/tests.js"
  ],
  "homepage": "https://github.com/moment/moment",
  "version": "2.29.0",
  "_release": "2.29.0",
  "_resolution": {
    "type": "version",
    "tag": "2.29.0",
    "commit": "8feded15bc58a5860a726b46d78d0a9d7daa7c6e"
  },
  "_source": "https://github.com/moment/moment.git",
  "_target": "~2.29.0",
  "_originalSource": "moment"
}