{
  "name": "tableexport.jquery.plugin",
  "version": "1.10.20",
  "description": "html table export",
  "main": "tableExport.js",
  "authors": [
    "hhurz"
  ],
  "license": "MIT",
  "keywords": [
    "html5",
    "javascript",
    "jquery",
    "export",
    "table"
  ],
  "homepage": "https://github.com/hhurz/tableExport.jquery.plugin",
  "dependencies": {
    "jquery": ">=1.9.1",
    "es6-promise": ">=4.2.4",
    "file-saver": ">=1.2.0",
    "html2canvas": "*",
    "jspdf": ">=1.3.4",
    "jspdf-autotable": "2.0.14 || 2.0.17"
  },
  "moduleType": [
    "globals"
  ],
  "ignore": [
    "package.json",
    "libs",
    "tools",
    "node_modules",
    "bower_components",
    "test",
    "tests"
  ],
  "_release": "1.10.20",
  "_resolution": {
    "type": "version",
    "tag": "v1.10.20",
    "commit": "3dc2b89e2ac29a274d89af3e3f29e502fdf0f264"
  },
  "_source": "https://github.com/hhurz/tableExport.jquery.plugin.git",
  "_target": "~1.10.3",
  "_originalSource": "tableExport.jquery.plugin"
}